City_ID,City,Lat,Lng,Max Temp,Humidity,Cloudiness,Wind Speed,Country,Date
0,san ramon de la nueva oran,-23.1322,-64.326,26.35,33,0,0.63,AR,1691358605
1,axim,4.8699,-2.2405,23.89,91,58,2.96,GH,1691358567
2,sultanah,24.4926,39.5857,34.25,9,0,1.54,SA,1691358606
3,waitangi,-43.9535,-176.5597,7.68,92,100,0.45,NZ,1691358607
4,wailua homesteads,22.0669,-159.378,30.44,71,20,5.66,US,1691358607
5,margaret river,-33.95,115.0667,10.9,89,32,3.06,AU,1691358607
6,yellowknife,62.456,-114.3525,21.29,35,75,3.6,CA,1691358608
7,karratha,-20.7377,116.8463,20.88,47,31,4.77,AU,1691358608
8,andergrove,-21.0833,149.1833,18.56,81,15,7.26,AU,1691358609
9,kapuskasing,49.4169,-82.4331,26.05,47,75,3.09,CA,1691358609
10,punta arenas,-53.15,-70.9167,1.48,69,22,8.33,CL,1691358609
11,lebu,-37.6167,-73.65,10.86,80,0,1.82,CL,1691358441
12,punta del este,-34.9667,-54.95,15.06,94,75,5.14,UY,1691358610
13,puerto natales,-51.7236,-72.4875,-1.15,86,12,2.04,CL,1691358311
14,port alfred,-33.5906,26.891,13.99,91,22,1.79,ZA,1691358611
15,blackmans bay,-43.0167,147.3167,4.29,95,14,2.21,AU,1691358611
16,qarqaraly,49.4058,75.4742,15.88,81,13,0.85,KZ,1691358612
17,adamstown,-25.066,-130.1015,20.51,66,97,8.23,PN,1691358612
18,onguday,50.75,86.15,10.99,96,27,0.99,RU,1691358613
19,fort st. john,56.2499,-120.8529,25.94,47,40,3.6,CA,1691358613
20,bilibino,68.0546,166.4372,1.48,90,100,3.82,RU,1691358614
21,klyuchi,52.2667,79.1667,16.87,91,38,3.17,RU,1691358614
22,udachny,66.4167,112.4,10.25,75,86,2.81,RU,1691358324
23,cidreira,-30.1811,-50.2056,18.3,85,2,3.67,BR,1691358615
24,edinburgh of the seven seas,-37.0676,-12.3116,10.78,59,71,17.88,SH,1691358615
25,queenstown,-31.8976,26.8753,11.74,37,2,0.48,ZA,1691358544
26,san jose del cabo,23.0589,-109.6977,31.19,70,100,2.68,MX,1691358616
27,minot,48.2325,-101.2963,27.12,34,75,3.09,US,1691358616
28,jamestown,42.097,-79.2353,27.8,54,0,3.09,US,1691358418
29,vila velha,-20.3297,-40.2925,22.97,79,20,4.63,BR,1691358617
30,puerto ayora,-0.7393,-90.3518,29.98,82,68,4.02,EC,1691358618
31,ungsang-nodongjagu,42.3578,130.4622,17.66,94,100,4.51,KP,1691358618
32,iqaluit,63.7506,-68.5145,10.85,71,75,2.57,CA,1691358543
33,bam,29.106,58.357,30.14,21,3,4.57,IR,1691358619
34,atafu village,-8.5421,-172.5159,28.63,73,17,4.45,TK,1691358619
35,lozuvatka,48.0571,33.2858,26.75,41,0,2.84,UA,1691358620
36,santo antonio,-6.3106,-35.4789,22.84,89,13,4.61,BR,1691358620
37,alo,7.4178,6.7371,23.06,97,100,1.8,NG,1691358620
38,letterkenny,54.95,-7.7333,9.43,94,16,1.72,IE,1691358621
39,talnakh,69.4865,88.3972,15.67,62,7,2.25,RU,1691358621
40,san patricio,28.017,-97.5169,37.4,49,2,8.05,US,1691358621
41,arteche,12.2645,125.4048,27.12,80,35,3.94,PH,1691358622
42,akaltara,22.0167,82.4333,25.28,87,100,4.15,IN,1691358570
43,kaohsiung,22.6163,120.3133,27.05,94,75,3.6,TW,1691358070
44,vadso,70.0744,29.7487,15.49,93,0,1.54,NO,1691358623
45,grytviken,-54.2811,-36.5092,-6.94,86,100,2.59,GS,1691358511
46,dudinka,69.4058,86.1778,14.41,66,17,1.71,RU,1691358624
47,la sarre,48.8002,-79.1996,23.54,43,99,1.0,CA,1691358624
48,namtsy,62.7161,129.6658,16.88,49,6,3.22,RU,1691358625
49,xai-xai,-25.0519,33.6442,17.03,79,0,2.31,MZ,1691358625
50,acarau,-2.8856,-40.12,26.12,80,5,8.17,BR,1691358427
51,bethel,41.3712,-73.414,29.45,56,40,2.06,US,1691358626
52,anadyr,64.75,177.4833,11.28,87,100,4.0,RU,1691358626
53,undurkhaan,47.3194,110.6556,12.68,97,49,2.59,MN,1691358627
54,port-aux-francais,-49.35,70.2167,5.8,87,100,13.48,TF,1691358627
55,kodiak,57.79,-152.4072,11.73,94,100,4.12,US,1691358627
56,shinkafi,13.0753,6.5105,26.09,75,99,2.96,NG,1691358628
57,uliastay,47.7417,96.8444,12.25,62,42,2.22,MN,1691358628
58,papatowai,-46.5619,169.4708,7.45,78,66,3.16,NZ,1691358628
59,labrador city,52.9463,-66.9114,14.95,77,75,3.6,CA,1691358629
60,albany,42.6001,-73.9662,28.03,49,81,1.09,US,1691358629
61,bardai,11.65,7.2333,22.26,88,100,2.56,NG,1691358630
62,whitehorse,60.7161,-135.0538,26.68,34,40,6.71,CA,1691358630
63,vyerkhnyadzvinsk,55.7815,27.9443,24.65,62,0,6.64,BY,1691358630
64,tibiri,13.5627,7.0485,27.33,69,92,4.57,NE,1691358631
65,arraial do cabo,-22.9661,-42.0278,22.92,73,0,7.72,BR,1691358631
66,longyearbyen,78.2186,15.6401,10.91,71,75,5.14,SJ,1691358611
67,khasab,26.1799,56.2477,33.93,65,22,1.28,OM,1691358632
68,utrik,11.2278,169.8474,27.55,82,87,10.19,MH,1691358633
69,dunedin,-45.8742,170.5036,10.04,70,54,1.34,NZ,1691358633
70,enid,36.3956,-97.8784,32.21,53,0,5.14,US,1691358441
71,ushuaia,-54.8,-68.3,-2.46,93,75,3.11,AR,1691358634
72,dryden,49.7833,-92.7503,25.16,47,75,4.63,CA,1691358634
73,puerto baquerizo moreno,-0.9,-89.6,27.55,65,75,5.14,EC,1691358635
74,saldanha,-33.0117,17.9442,10.03,90,0,3.93,ZA,1691358635
75,hawaiian paradise park,19.5933,-154.9731,27.24,79,100,3.09,US,1691358636
76,ust-nera,64.5667,143.2,7.35,65,9,3.52,RU,1691358636
77,daru,-9.0763,143.2092,24.71,69,100,5.39,PG,1691358636
78,pitanga,-24.7572,-51.7614,16.65,59,0,0.68,BR,1691358417
79,tuy hoa,13.0833,109.3,27.23,72,57,3.96,VN,1691358637
80,sitka,57.0531,-135.33,17.94,88,100,3.6,US,1691358637
81,port lincoln,-34.7333,135.8667,10.12,79,72,2.78,AU,1691358544
82,vila franca do campo,37.7167,-25.4333,22.23,79,19,1.14,PT,1691358638
83,carlsbad,33.1581,-117.3506,38.73,68,0,4.63,US,1691358384
84,qaqortoq,60.7167,-46.0333,5.98,88,23,1.88,GL,1691358639
85,west island,-12.1568,96.8225,24.99,94,40,3.09,CC,1691358639
86,port mathurin,-19.6833,63.4167,22.6,59,79,10.27,MU,1691358640
87,vung tau,10.346,107.0843,26.52,86,10,6.1,VN,1691358640
88,st. john's,47.5649,-52.7093,16.49,95,100,4.63,CA,1691358366
89,selebi-phikwe,-21.979,27.8498,13.63,59,1,2.33,BW,1691358366
90,holualoa,19.6228,-155.9522,27.1,71,20,4.12,US,1691358641
91,enewetak,11.3474,162.3373,28.62,73,94,3.88,MH,1691358642
92,thompson,55.7435,-97.8558,18.09,68,75,5.66,CA,1691358642
93,ghadamis,30.1337,9.5007,31.66,24,0,6.7,LY,1691358642
94,nikolayevsk-on-amure,53.1406,140.73,19.2,51,34,2.26,RU,1691358643
95,piti village,13.4626,144.6933,27.49,94,75,2.06,GU,1691358643
96,port saint john's,-31.6229,29.5448,17.79,79,2,5.06,ZA,1691358644
97,nova vicosa,-17.8919,-39.3719,22.16,75,22,3.79,BR,1691358644
98,beauvais,49.4167,2.0,15.14,82,0,4.63,FR,1691358644
99,baharly,38.4362,57.4316,31.2,31,0,0.33,TM,1691358645
100,port blair,11.6667,92.75,27.66,83,100,7.73,IN,1691358645
101,stanley,54.868,-1.6985,11.14,88,20,0.0,GB,1691358646
102,east london,-33.0153,27.9116,18.23,77,99,5.89,ZA,1691358646
103,vorkuta,67.5,64.0,16.18,98,100,2.44,RU,1691358646
104,fortuna,40.5982,-124.1573,23.29,75,0,7.72,US,1691358647
105,praia da vitoria,38.7333,-27.0667,24.14,83,40,3.44,PT,1691358647
106,bodo,67.28,14.405,13.02,76,0,2.06,NO,1691358648
107,port elizabeth,-33.918,25.5701,14.16,82,0,3.6,ZA,1691358648
108,volchikha,52.0333,80.3833,15.01,90,51,2.52,RU,1691358649
109,mollendo,-17.0231,-72.0147,17.82,80,25,3.55,PE,1691358434
110,haizhou,34.5817,119.1289,22.2,84,21,3.43,CN,1691358650
111,walvis bay,-22.9575,14.5053,14.53,77,0,1.54,NA,1691358651
112,amuntai,-2.4177,115.2494,22.77,97,25,0.66,ID,1691358652
113,haiku-pauwela,20.9219,-156.3051,30.01,58,40,10.29,US,1691358652
114,ribeira grande,38.5167,-28.7,22.1,84,54,1.79,PT,1691358546
115,tindouf,27.6711,-8.1474,36.25,15,0,4.12,DZ,1691358653
116,miahuatlan de porfirio diaz,16.3333,-96.6,25.65,56,49,2.19,MX,1691358654
117,inhambane,-23.865,35.3833,17.98,76,0,2.03,MZ,1691358654
118,vorgashor,67.5833,63.95,16.06,98,100,2.38,RU,1691358655
119,green river,41.5286,-109.4662,23.22,38,10,2.24,US,1691358655
120,mazagao,-0.115,-51.2894,31.03,72,38,3.07,BR,1691358655
121,querqueville,49.6625,-1.6912,13.82,94,0,4.12,FR,1691358656
122,tura,25.5198,90.2201,24.01,99,100,1.3,IN,1691358656
123,bubaque,11.2833,-15.8333,26.67,83,100,7.54,GW,1691358657
124,santander,43.4647,-3.8044,19.7,72,100,2.06,ES,1691358657
125,sant lluis,39.8526,4.2594,23.22,56,20,4.63,ES,1691358657
126,waingapu,-9.6567,120.2641,22.74,84,4,5.64,ID,1691358490
127,waddan,29.1614,16.139,27.22,44,0,6.08,LY,1691358658
128,alice springs,-23.7,133.8833,3.75,87,0,0.0,AU,1691358659
129,osorio,-29.8867,-50.2697,19.68,76,0,1.69,BR,1691358659
130,bemidji,47.4736,-94.8803,27.88,55,40,3.6,US,1691358659
131,palmer,42.1584,-72.3287,29.02,49,40,3.6,US,1691358660
132,howrah,22.5892,88.3103,29.0,84,75,3.6,IN,1691358660
133,georgetown,5.4112,100.3354,26.96,95,20,1.03,MY,1691358382
134,basco,20.4487,121.9702,27.8,88,100,11.88,PH,1691358661
135,bredasdorp,-34.5322,20.0403,9.94,95,0,1.41,ZA,1691358661
136,montevideo,-34.8335,-56.1674,15.46,85,100,4.63,UY,1691358595
137,recani,31.2846,-4.2688,36.26,11,10,3.96,MA,1691358662
138,ebon,4.582,168.6964,28.69,74,51,3.29,MH,1691358663
139,kidal,18.4411,1.4078,28.16,52,95,7.55,ML,1691358552
140,avarua,-21.2078,-159.775,23.03,88,100,4.63,CK,1691358663
141,coquimbo,-29.9533,-71.3436,17.85,55,20,5.14,CL,1691358664
142,kerikeri,-35.2268,173.9474,12.17,95,100,1.44,NZ,1691358664
143,ancud,-41.8697,-73.8203,6.4,86,12,2.89,CL,1691358666
144,uturoa,-16.7333,-151.4333,25.92,78,46,5.5,PF,1691358666
145,tweed heads,-28.1817,153.547,16.67,78,40,5.14,AU,1691358666
146,tazovsky,67.4667,78.7,13.32,62,15,2.52,RU,1691358667
147,ilulissat,69.2167,-51.1,6.31,55,21,2.21,GL,1691358667
148,olonkinbyen,70.9221,-8.7187,3.6,88,100,10.17,SJ,1691358668
149,ola,59.5833,151.2833,11.75,56,92,7.16,RU,1691358668
150,kone,-21.0595,164.8658,20.74,65,82,2.26,NC,1691358668
151,rundu,-17.9333,19.7667,12.9,34,0,2.89,NA,1691358669
152,sangueya,10.7,-14.3667,24.0,95,99,1.89,GN,1691358669
153,tsiombe,-25.3,45.4833,17.5,84,0,3.37,MG,1691358669
154,tateyama,34.9833,139.8667,26.41,87,17,2.94,JP,1691358429
155,karasuk,53.7377,78.0403,14.71,67,0,3.8,RU,1691358670
156,sechura,-5.5569,-80.8222,26.52,58,11,7.88,PE,1691358671
157,lihue,21.9789,-159.3672,30.77,64,20,5.66,US,1691358671
158,qazigund,33.6333,75.15,17.55,87,28,0.4,IN,1691358671
159,piacabucu,-10.4056,-36.4344,23.56,86,60,4.35,BR,1691358672
160,nemuro,43.3236,145.575,14.63,98,100,5.65,JP,1691358609
161,tralee,52.2704,-9.7026,11.81,89,32,2.17,IE,1691358673
162,hermanus,-34.4187,19.2345,9.89,88,0,3.45,ZA,1691358673
163,isafjordur,66.0755,-23.124,10.85,55,17,2.59,IS,1691358673
164,rio grande,-32.035,-52.0986,26.06,82,0,3.78,BR,1691358674
165,hami,42.8,93.45,27.91,17,64,2.6,CN,1691358674
166,uporovo,56.3109,66.2693,17.75,87,45,2.83,RU,1691358675
167,mahina,-17.5065,-149.489,27.87,65,40,5.14,PF,1691358675
168,ponta delgada,37.7333,-25.6667,22.4,78,20,3.09,PT,1691358639
169,sao gabriel da cachoeira,-0.1303,-67.0892,27.62,78,96,0.77,BR,1691358676
170,prince rupert,54.3161,-130.3201,22.05,78,40,3.09,CA,1691358677
171,mount pearl,47.5166,-52.7813,16.03,95,100,4.63,CA,1691358428
172,djambala,-2.5447,14.7533,23.25,54,32,2.57,CG,1691358678
173,richards bay,-28.783,32.0377,17.08,82,0,3.38,ZA,1691358420
174,misliyah,17.4599,42.5572,30.67,64,3,1.57,SA,1691358679
175,konarka,19.9,86.1167,28.22,77,100,5.22,IN,1691358679
176,papantla de olarte,20.45,-97.3167,31.61,59,16,5.63,MX,1691358680
177,tiksi,71.6872,128.8694,7.56,56,65,1.63,RU,1691358680
178,aykhal,66.0,111.5,12.44,56,100,3.49,RU,1691358536
179,kingston,17.997,-76.7936,33.47,70,20,11.83,JM,1691358681
180,hithadhoo,-0.6,73.0833,27.65,75,71,2.27,MV,1691358681
181,chipinge,-20.1883,32.6236,11.63,90,8,1.74,ZW,1691358682
182,oranjemund,-28.55,16.4333,12.72,84,0,2.63,NA,1691358602
183,egilsstadir,65.2653,-14.3948,7.95,87,40,4.12,IS,1691358683
184,lincoln city,44.9582,-124.0179,29.92,75,43,3.58,US,1691358683
185,tumayr,25.7039,45.868,31.9,13,0,4.3,SA,1691358683
186,grootfontein,-19.5667,18.1167,5.76,42,0,0.0,NA,1691358603
187,midvagur,62.0511,-7.1939,11.46,93,100,2.57,FO,1691358684
188,zhezqazghan,47.7833,67.7667,23.36,47,29,3.07,KZ,1691358684
189,gurupa,-1.405,-51.64,29.24,52,75,1.76,BR,1691358685
190,keflavik,64.0049,-22.5624,12.95,87,75,2.57,IS,1691358685
191,mariinsk,56.2139,87.7472,13.99,70,95,1.48,RU,1691358686
192,polyarnyy,69.1989,33.4478,11.35,79,16,4.12,RU,1691358686
193,prince george,53.9166,-122.753,31.25,32,0,3.09,CA,1691358412
194,kailua-kona,19.6406,-155.9956,29.17,70,20,4.12,US,1691358687
195,saint-joseph,-21.3667,55.6167,20.21,75,35,6.59,RE,1691358687
196,kyaikkami,16.08,97.5675,27.16,84,100,7.32,MM,1691358486
197,malango,-2.9627,119.9001,18.45,98,88,0.53,ID,1691358688
198,kalymnos,36.95,26.9833,24.74,78,0,0.0,GR,1691358688
199,es castell,39.8795,4.2854,23.38,56,20,4.63,ES,1691358689
200,pangody,65.85,74.4859,16.86,60,7,2.82,RU,1691358689
201,vernon,50.2581,-119.2691,33.75,23,78,0.51,CA,1691358689
202,afaahiti,-17.75,-149.2833,26.93,75,46,4.69,PF,1691358690
203,talcahuano,-36.7167,-73.1167,15.82,67,20,3.6,CL,1691358690
204,el calafate,-50.3408,-72.2768,-3.95,63,1,2.04,AR,1691358691
205,hamilton,39.1834,-84.5333,31.71,57,0,8.23,US,1691358601
206,robore,-18.3333,-59.75,31.08,29,67,3.26,BO,1691358691
207,hadibu,12.65,54.0333,25.28,81,99,8.64,YE,1691358692
208,iskateley,67.6803,53.1512,13.58,96,19,3.28,RU,1691358692
209,college,64.8569,-147.8028,25.6,46,75,1.54,US,1691358693
210,gagarin,55.5529,34.9954,22.58,69,0,5.29,RU,1691358693
211,al minya,28.1099,30.7503,33.4,26,0,5.34,EG,1691358693
212,woolgoolga,-30.1106,153.2007,15.58,71,84,6.08,AU,1691358694
213,pointe aux piments,-20.0628,57.5131,22.31,65,59,8.67,MU,1691358694
214,sokolka,53.4072,23.5023,19.25,95,99,2.29,PL,1691358694
215,puerto rosario,-24.45,-57.0833,29.81,30,11,2.13,PY,1691358695
216,maxixe,-23.8597,35.3472,17.35,77,0,1.8,MZ,1691358650
217,beloyarskiy,63.7119,66.6722,16.14,64,0,0.7,RU,1691358696
218,okha,53.5739,142.9478,16.74,60,19,2.96,RU,1691358696
219,morehead city,34.7229,-76.726,30.03,77,13,5.66,US,1691358696
220,auki,-8.7676,160.7034,26.44,82,66,1.51,SB,1691358555
221,antsiranana,-12.2787,49.2917,22.26,73,6,8.14,MG,1691358697
222,constantia,44.1833,28.65,21.5,70,0,4.91,RO,1691358698
223,talegaon dabhade,18.7167,73.6833,21.92,90,92,6.02,IN,1691358482
224,batna,35.556,6.1741,23.56,39,0,1.96,DZ,1691358699
225,qui nhon,13.7667,109.2333,27.91,73,73,3.3,VN,1691358674
226,pisco,-13.7,-76.2167,21.03,68,0,7.72,PE,1691358700
227,locharbriggs,55.1034,-3.5844,14.97,91,10,1.96,GB,1691358700
228,elliot lake,46.3834,-82.6331,20.52,63,100,1.3,CA,1691358701
229,callao,-12.0667,-77.15,22.16,64,40,7.2,PE,1691358701
230,las vegas,36.175,-115.1372,42.93,4,0,7.72,US,1691358701
231,khandyga,62.6667,135.6,15.13,48,42,4.31,RU,1691358702
232,sur,22.5667,59.5289,29.94,63,100,4.19,OM,1691358702
233,san juan del sur,11.2529,-85.8705,32.12,66,40,2.06,NI,1691358703
234,flin flon,54.7682,-101.865,22.91,53,75,5.14,CA,1691358703
235,kudahuvadhoo,2.6708,72.8944,27.96,77,100,4.1,MV,1691358421
236,baiti,13.745,-14.7482,23.72,93,100,4.21,SN,1691358704
237,masterton,-40.9597,175.6575,10.49,88,85,2.04,NZ,1691358704
238,columbia falls,48.3725,-114.1815,23.28,48,0,2.06,US,1691358704
239,carutapera,-1.195,-46.02,26.0,83,20,4.32,BR,1691358705
240,hosur,12.7167,77.8167,20.95,86,72,5.96,IN,1691358475
241,cabo san lucas,22.8909,-109.9124,31.21,77,100,8.05,MX,1691358706
242,vilyuchinsk,52.9306,158.4028,16.15,71,97,2.66,RU,1691358706
243,nafplio,37.5683,22.8053,24.42,62,0,2.89,GR,1691358706
244,janeng,-25.4167,25.55,6.8,41,0,2.14,BW,1691358707
245,beaufort west,-32.3567,22.583,13.14,48,0,2.15,ZA,1691358452
246,luderitz,-26.6481,15.1594,16.84,65,0,3.73,NA,1691358604
247,chake chake,-5.2459,39.7666,23.33,82,4,4.37,TZ,1691358708
248,pestovo,58.5938,35.8024,21.35,81,10,2.78,RU,1691358708
249,pacific grove,36.6177,-121.9166,32.03,85,20,4.92,US,1691358669
250,cambria,35.5641,-121.0808,40.31,52,27,5.25,US,1691358709
251,san pedro pochutla,15.7333,-96.4667,34.28,65,41,3.15,MX,1691358710
252,pangai,-19.8,-174.35,22.06,94,100,5.14,TO,1691358556
253,colonia,50.9333,6.95,13.87,89,75,7.72,DE,1691358711
254,potanino,55.1786,61.6222,17.13,93,40,3.0,RU,1691358711
255,talara,-4.5772,-81.2719,26.42,69,0,7.29,PE,1691358711
256,brookings,44.3114,-96.7984,21.32,84,40,3.6,US,1691358712
257,rio gallegos,-51.6226,-69.2181,2.03,69,20,10.8,AR,1691358712
258,sao francisco,-15.9486,-44.8644,23.6,23,3,1.82,BR,1691358713
259,pemba,-12.974,40.5178,23.74,78,26,5.32,MZ,1691358713
260,gamba,-2.65,10.0,21.28,89,12,2.06,GA,1691358713
261,horazdovice,49.3207,13.701,14.21,86,100,8.58,CZ,1691358714
262,porto novo,6.4965,2.6036,25.9,88,89,4.46,BJ,1691358514
263,porkhov,57.765,29.5561,23.25,75,0,4.26,RU,1691358715
264,bom jesus,-9.0744,-44.3586,27.87,31,16,2.37,BR,1691358715
265,kavieng,-2.5744,150.7967,27.16,75,100,5.9,PG,1691358715
266,dassun,17.7204,121.6816,24.98,82,100,1.29,PH,1691358716
267,cartagena del chaira,1.3349,-74.8429,25.23,90,80,1.6,CO,1691358716
268,samsula-spruce creek,29.0493,-81.0619,34.01,77,75,1.54,US,1691358717
269,shetpe,44.1667,52.1167,29.23,32,0,2.43,KZ,1691358717
270,kununurra,-15.7667,128.7333,20.99,37,15,3.6,AU,1691358718
271,huarmey,-10.0681,-78.1522,20.96,74,14,5.07,PE,1691358486
272,waynesville,35.4887,-82.9887,27.27,77,100,0.45,US,1691358719
273,robertsport,6.7533,-11.3686,25.76,78,49,4.21,LR,1691358719
274,lompoc,34.6391,-120.4579,33.9,82,0,4.12,US,1691358621
275,al 'aziziyah,32.9058,45.0616,36.01,18,0,6.75,IQ,1691358720
276,olyokminsk,60.3736,120.4264,18.83,79,96,1.15,RU,1691358720
277,sarkand,45.41,79.9186,23.91,41,100,1.92,KZ,1691358501
278,padang,-0.9492,100.3543,25.03,89,21,1.63,ID,1691358022
279,spring creek,40.7266,-115.5859,28.83,19,3,5.4,US,1691358721
280,invercargill,-46.4,168.35,6.68,89,66,4.47,NZ,1691358722
281,kingscliff,-28.2667,153.5667,16.54,77,40,5.14,AU,1691358722
282,umm kaddadah,13.6017,26.6876,29.87,51,82,4.88,SD,1691358723
283,minas de marcona,-15.2119,-75.1103,16.54,64,5,4.8,PE,1691358520
284,borzna,51.2546,32.4269,27.71,46,0,8.81,UA,1691358724
285,guatrache,-37.6678,-63.5302,12.39,23,14,4.43,AR,1691358724
286,howard springs,-12.497,131.047,19.95,63,10,2.95,AU,1691358724
287,lazaro cardenas,17.9583,-102.2,30.21,67,78,2.86,MX,1691358725
288,castillos,-34.1667,-53.8333,16.91,93,100,3.11,UY,1691358726
289,katerini,40.2719,22.5025,26.73,44,0,3.74,GR,1691358726
290,mali,12.079,-12.2982,16.49,96,100,2.06,GN,1691358727
291,sinan,34.8262,126.1086,26.06,87,30,4.9,KR,1691358727
292,uacu cungo,-11.3634,15.1208,17.06,30,0,0.6,AO,1691358727
293,arkhangel'sk,64.5401,40.5433,12.87,90,59,1.33,RU,1691358728
294,puerto armuelles,8.2833,-82.8667,31.99,70,100,1.34,PA,1691358728
295,luau,-10.7073,22.2247,18.94,34,0,2.09,AO,1691358558
296,buturlinovka,50.8239,40.6092,24.51,56,0,6.56,RU,1691358729
297,pale,43.8161,18.5694,9.86,100,0,0.51,BA,1691358729
298,turkestan,43.3333,68.25,24.35,43,28,2.52,KZ,1691358730
299,taoudenni,22.6783,-3.9836,41.05,8,5,4.83,ML,1691358730
300,amga,60.8953,131.9608,16.88,50,10,1.74,RU,1691358731
301,lobva,59.1854,60.5185,16.56,98,82,1.8,RU,1691358731
302,xinyuan,37.3,99.0,4.22,90,12,0.91,CN,1691358732
303,nuuk,64.1835,-51.7216,7.32,80,1,6.54,GL,1691358732
304,itoman,26.1247,127.6694,27.01,94,75,14.4,JP,1691358723
305,burang,30.25,81.1667,11.85,80,100,1.61,CN,1691358733
306,sokoni,-6.4333,39.55,24.57,80,6,6.43,TZ,1691358733
307,badger,64.8,-147.5333,25.55,43,100,1.54,US,1691358734
308,naze,28.3667,129.4833,25.51,90,100,16.68,JP,1691358734
309,bandarbeyla,9.4942,50.8122,24.36,80,83,13.37,SO,1691358734
310,chichiriviche,10.9333,-68.2772,28.5,81,59,6.7,VE,1691358735
311,lakhipur,26.0299,90.3041,25.82,96,100,2.07,IN,1691358735
312,puerto colombia,10.9878,-74.9547,32.05,82,18,9.43,CO,1691358736
313,kiffa,16.6166,-11.4045,36.11,39,78,6.18,MR,1691358467
314,tual,-5.6667,132.75,25.52,82,6,10.17,ID,1691358737
315,montepuez,-13.1256,38.9997,18.05,80,8,2.42,MZ,1691358737
316,shingu,33.7333,135.9833,26.17,93,99,4.26,JP,1691358618
317,laguna,38.421,-121.4238,40.19,23,0,5.66,US,1691358738
318,qamdo,31.1667,97.2333,6.61,77,91,1.7,CN,1691358738
319,fale old settlement,-9.3852,-171.2468,28.65,71,75,5.1,TK,1691358739
320,caleta olivia,-46.4393,-67.5281,4.51,40,6,5.28,AR,1691358739
321,san jose de feliciano,-30.3845,-58.7517,26.43,41,18,3.23,AR,1691358740
322,san angelo,31.4638,-100.437,42.19,18,0,4.02,US,1691358740
323,laibin,23.7,109.2667,25.67,92,99,2.71,CN,1691358740
324,belyayevka,51.3974,56.4096,19.26,59,46,3.27,RU,1691358741
325,petropavlovsk-kamchatsky,53.0452,158.6483,15.33,100,75,2.0,RU,1691358741
326,broome,42.2506,-75.833,30.34,53,0,1.34,US,1691358742
327,nogliki,51.8333,143.1667,15.4,77,7,3.66,RU,1691358742
328,remire-montjoly,4.9167,-52.2667,29.02,74,0,4.63,GF,1691358742
329,karpenisi,38.9167,21.7833,11.12,88,0,1.37,GR,1691358743
330,tenenkou,14.4572,-4.9169,27.69,62,100,4.18,ML,1691358743
331,amursk,50.2261,136.8994,17.03,60,0,1.5,RU,1691358743
332,camana,-16.6228,-72.7111,18.59,78,36,4.02,PE,1691358744
333,sterling,39.0062,-77.4286,30.07,74,75,3.09,US,1691358484
334,ryotsu-minato,38.0833,138.4333,28.45,78,86,2.78,JP,1691358670
335,nevel'sk,46.6733,141.8633,15.74,71,0,1.39,RU,1691358745
336,kill devil hills,36.0307,-75.676,29.0,74,0,4.12,US,1691358745
337,ves'yegonsk,58.664,37.2604,20.96,85,0,2.45,RU,1691358746
338,grants pass,42.439,-123.3284,33.44,28,0,4.63,US,1691358746
339,new norfolk,-42.7826,147.0587,5.51,96,15,1.3,AU,1691358747
340,la foa,-21.7108,165.8276,20.27,64,41,3.02,NC,1691358747
341,palikir - national government center,6.9248,158.1611,27.59,76,100,5.49,FM,1691358747
342,tolanaro,-25.0319,46.9987,19.04,88,75,7.2,MG,1691358748
343,alta,69.9689,23.2717,10.66,78,62,1.54,NO,1691358748
344,lagoa,39.05,-27.9833,22.61,75,24,2.24,PT,1691358748
345,coahuayana de hidalgo,18.7,-103.6583,31.99,62,100,2.86,MX,1691358749
346,saipan,15.1355,145.701,29.25,100,40,0.45,MP,1691358749
347,dalandzadgad,43.5708,104.425,23.51,21,1,3.77,MN,1691358750
348,aasiaat,68.7098,-52.8699,4.08,72,35,3.17,GL,1691358751
349,fuerte olimpo,-21.0415,-57.8738,32.77,24,47,3.17,PY,1691358751
350,ipu,-4.3222,-40.7108,27.52,39,9,0.83,BR,1691358752
351,novoagansk,61.9449,76.6625,14.83,58,5,3.14,RU,1691358752
352,priozersk,61.0393,30.1291,20.05,96,28,3.98,RU,1691358752
353,baki,-7.6128,110.7839,21.37,93,10,2.35,ID,1691358516
354,collie,-33.3667,116.15,9.66,97,3,1.78,AU,1691358754
355,santa cruz,-17.8,-63.1667,31.03,55,0,11.83,BO,1691358754
356,cidade velha,14.9167,-23.6167,27.26,74,75,5.66,CV,1691358755
357,choma,-16.8065,26.9531,12.61,76,0,1.77,ZM,1691358672
358,portland,45.5234,-122.6762,29.76,52,75,2.57,US,1691358755
359,chilliwack,49.1747,-121.9443,29.09,56,89,4.92,CA,1691358756
360,shwebo,22.5667,95.7,25.17,84,100,6.93,MM,1691358756
361,orange beach,30.2944,-87.5736,36.19,64,20,7.72,US,1691358757
362,el charco,2.4769,-78.1105,27.25,84,100,3.86,CO,1691358757
363,hasaki,35.7333,140.8333,30.17,88,12,4.18,JP,1691358757
364,timaru,-44.4,171.25,6.71,97,51,1.73,NZ,1691358758
365,saudarkrokur,65.7461,-19.6394,10.82,75,81,1.4,IS,1691358758
366,temirlanovka,42.5994,69.2633,22.77,52,42,2.99,KZ,1691358759
367,flying fish cove,-10.4217,105.6791,23.82,94,100,4.63,CX,1691358759
368,la passe,45.5549,-0.8967,17.21,81,62,4.32,FR,1691358759
369,i-n-salah,27.1935,2.4607,37.38,12,0,7.26,DZ,1691358760
370,feodosiya,45.0333,35.3833,24.51,89,0,4.17,UA,1691358760
371,kourou,5.1552,-52.6478,29.03,83,8,4.94,GF,1691358761
372,albu kamal,34.45,40.9186,33.03,28,0,5.91,SY,1691358761
373,broadstairs,51.3591,1.4394,15.88,72,24,0.89,GB,1691358762
374,yen vinh,18.6667,105.6667,25.5,79,100,2.21,VN,1691358626
375,canutama,-6.5339,-64.3831,32.28,39,76,1.57,BR,1691358762
376,paraiso,9.8383,-83.8656,26.48,73,100,2.17,CR,1691358763
377,qurayyat,31.3318,37.3428,26.1,31,0,3.6,SA,1691358763
378,rebola,3.7167,8.8333,22.62,94,20,4.12,GQ,1691358763
379,vila do maio,15.1333,-23.2167,27.44,78,100,3.82,CV,1691358764
380,"laikit, laikit ii (dimembe)",1.4792,124.9735,23.47,78,20,1.54,ID,1691358764
381,nar'yan-mar,67.6713,53.087,13.47,96,13,3.39,RU,1691358765
382,kralendijk,12.15,-68.2667,31.99,66,0,8.75,BQ,1691358765
383,carnarvon,-24.8667,113.6333,20.7,70,87,1.89,AU,1691358663
384,inari,68.906,27.0288,12.11,86,54,1.39,FI,1691358766
385,gevas,38.2968,43.1083,20.96,42,16,1.35,TR,1691358767
386,kalmunai,7.4167,81.8167,26.0,83,97,2.92,LK,1691358492
387,umba,66.6871,34.3429,11.78,91,85,3.53,RU,1691358768
388,ulsteinvik,62.3432,5.8487,15.42,81,100,6.26,NO,1691358768
389,cuiaba,-15.5961,-56.0967,35.96,24,0,1.54,BR,1691358768
390,puerto lempira,15.2667,-83.7667,32.08,66,40,3.6,HN,1691358769
391,kenai,60.5544,-151.2583,19.05,77,75,5.14,US,1691358769
392,taishan,22.2514,112.7799,26.13,87,14,1.85,CN,1691358770
393,kaa-khem,51.6833,94.7333,13.67,89,88,1.69,RU,1691358770
394,aberdeen,57.1437,-2.0981,10.86,92,16,2.06,GB,1691358670
395,ilha solteira,-20.4328,-51.3425,26.87,24,0,2.62,BR,1691358771
396,bathsheba,13.2167,-59.5167,29.34,84,20,6.69,BB,1691358771
397,klaksvik,62.2266,-6.589,11.51,89,100,4.74,FO,1691358772
398,yecla,38.6137,-1.1147,21.4,84,0,1.81,ES,1691358772
399,nishinoomote,30.7333,131.0,27.71,90,99,12.45,JP,1691358548
400,dengi,9.3667,9.95,22.2,98,100,2.46,NG,1691358773
401,hengyang,26.8881,112.615,28.77,76,25,0.99,CN,1691358773
402,menderes,38.2496,27.1343,23.02,73,0,1.54,TR,1691358774
403,gebeit,21.0667,36.3167,31.57,32,20,3.16,SD,1691358774
404,kuala terengganu,5.3302,103.1408,24.97,94,20,1.54,MY,1691358539
405,taltal,-25.4,-70.4833,17.42,73,6,2.63,CL,1691358775
406,dawei,14.0833,98.2,24.78,94,100,2.92,MM,1691358573
407,bonny,4.4522,7.1681,25.11,81,100,4.64,NG,1691358775
408,gweru,-19.45,29.8167,12.23,75,25,3.92,ZW,1691358673
409,barsi,18.2333,75.7,23.01,84,100,4.17,IN,1691358776
410,tari,12.4086,4.4914,24.96,87,99,4.22,NG,1691358777
411,katsuura,35.1333,140.3,26.92,85,2,3.67,JP,1691358777
412,nyaunglebin,17.95,96.7333,23.75,98,100,1.64,MM,1691358777
413,kulhudhuffushi,6.6221,73.07,28.12,76,99,7.43,MV,1691358778
414,watseka,40.7762,-87.7364,27.21,73,100,0.89,US,1691358779
415,ouesso,1.6136,16.0517,22.13,95,97,1.34,CG,1691358660
416,grand falls-windsor,48.9332,-55.6649,12.15,97,100,3.36,CA,1691358780
417,babana,10.4295,3.815,23.0,96,100,2.69,NG,1691358780
418,wabash,40.7978,-85.8205,22.29,93,100,5.38,US,1691358780
419,hat yai,7.0084,100.4767,26.1,89,75,1.03,TH,1691358643
420,fort bragg,35.139,-79.006,34.0,48,20,3.09,US,1691358534
421,sarangani,5.4033,125.4636,28.29,76,98,6.34,PH,1691358782
422,luganville,-15.5333,167.1667,24.4,80,76,5.15,VU,1691358782
423,gashua,12.871,11.0482,26.51,66,62,3.31,NG,1691358782
424,goure,13.9835,10.2704,25.81,69,24,3.72,NE,1691358783
425,skowhegan,44.7651,-69.7192,26.28,45,5,3.4,US,1691358783
426,penrith,54.6658,-2.7576,14.19,90,17,0.9,GB,1691358784
427,weyburn,49.6668,-103.8511,24.12,33,10,3.6,CA,1691358785
428,troitskoye,52.9821,84.6757,13.78,62,0,2.87,RU,1691358785
429,sisimiut,66.9395,-53.6735,9.38,69,21,3.28,GL,1691358786
430,attapeu,14.8,106.8333,23.2,99,100,0.91,LA,1691358786
431,sogndal,61.2283,7.1003,14.21,93,40,0.0,NO,1691358786
432,southside,33.9245,-86.0225,32.95,62,20,5.66,US,1691358787
433,letlhakane,-21.4167,25.5833,13.58,53,13,4.35,BW,1691358787
434,belo sur tsiribihina,-19.7,44.55,19.22,86,1,1.64,MG,1691358648
435,ha dong,20.9725,105.7772,26.01,94,100,1.49,VN,1691358742
436,prado,-17.3411,-39.2208,22.14,77,98,3.45,BR,1691358613
437,pittsburg,38.028,-121.8847,40.42,25,0,1.79,US,1691358789
438,nenjiang,49.1833,125.2167,16.73,62,100,1.28,CN,1691358789
439,afua,-0.1567,-50.3867,26.89,80,24,3.33,BR,1691358789
440,aral,40.5156,81.2636,27.66,29,42,3.77,CN,1691358790
441,lower hutt,-41.2167,174.9167,12.69,90,100,7.72,NZ,1691358790
442,taslicay,39.6336,43.375,21.13,46,83,1.83,TR,1691358791
443,kaiapoi,-43.3783,172.6401,10.04,91,5,1.54,NZ,1691358791
444,zeya,53.75,127.2667,18.21,55,80,0.89,RU,1691358792
445,tucuma,-0.1833,-50.05,26.98,80,30,4.57,BR,1691358792
446,north platte,41.1239,-100.7654,26.18,50,14,6.26,US,1691358793
447,brak,27.5496,14.2714,32.36,28,0,9.66,LY,1691358794
448,mesyagutovo,55.5303,58.2528,15.99,93,0,1.69,RU,1691358795
449,sao tome,0.3365,6.7273,24.2,76,55,3.79,ST,1691358608
450,brisas de zicatela,15.8369,-97.0419,31.15,63,10,3.09,MX,1691358796
451,al bawiti,28.3492,28.8659,31.11,28,0,5.11,EG,1691358796
452,tarfaya,27.9358,-12.9218,21.62,89,17,4.25,MA,1691358796
453,fengrun,39.8333,118.1167,22.52,78,99,0.76,CN,1691358797
454,bonthe,7.5264,-12.505,25.55,80,92,2.94,SL,1691358797
455,weno,7.4515,151.8468,28.41,76,100,9.91,FM,1691358797
456,miyako,39.6367,141.9525,26.33,86,100,3.85,JP,1691358798
457,tandil,-37.3217,-59.1332,9.82,49,4,5.32,AR,1691358798
458,dongsheng,39.8161,109.9776,22.37,53,49,3.41,CN,1691358799
459,tucurui,-3.7661,-49.6725,30.14,44,46,0.61,BR,1691358799
460,ishigaki,24.3448,124.1572,28.07,94,100,2.57,JP,1691358799
461,smithers,54.7804,-127.1743,26.18,38,75,2.57,CA,1691358800
462,yamada,39.4667,141.95,26.43,87,100,4.19,JP,1691358645
463,ormara,25.2088,64.6357,27.16,83,100,7.25,PK,1691358801
464,sorong,-0.8833,131.25,25.44,86,71,7.13,ID,1691358801
465,valparaiso,-33.0393,-71.6273,18.13,75,40,3.6,CL,1691358801
466,erseke,40.3378,20.6789,12.98,88,0,0.76,AL,1691358802
467,lata,40.1629,-8.3327,22.26,46,0,0.81,PT,1691358802
468,konstantinovka,49.6167,127.9833,17.25,62,87,0.32,RU,1691358803
469,kargopol',61.5071,38.9456,18.95,71,97,2.01,RU,1691358804
470,beroroha,-21.6667,45.1667,17.16,75,4,1.4,MG,1691358648
471,silver springs,29.1044,-82.0206,34.43,71,73,1.79,US,1691358805
472,geraldton,-28.7667,114.6,15.23,94,100,2.06,AU,1691358805
473,fonte boa,-2.4959,-66.2662,29.49,65,96,0.55,BR,1691358805
474,obidos,-1.9175,-55.5181,30.67,46,10,1.25,BR,1691358560
475,saynshand,44.8824,110.1163,21.87,51,83,5.6,MN,1691358773
476,keetmanshoop,-26.5833,18.1333,20.51,22,0,4.63,NA,1691358650
477,keren,15.7778,38.4581,21.44,79,42,1.73,ER,1691358565
478,kamina,-8.7386,24.9906,19.2,37,0,1.41,CD,1691358565
479,lagunas,-5.2269,-75.6753,30.63,57,39,1.79,PE,1691358808
480,saint-pierre,-21.3393,55.4781,20.82,78,0,10.8,RE,1691358808
481,qom,34.6401,50.8764,33.2,20,97,6.3,IR,1691358808
482,lichinga,-13.3128,35.2406,15.05,82,0,5.14,MZ,1691358809
483,kirakira,-10.4544,161.9205,25.43,89,85,3.47,SB,1691358809
484,suizhou,31.7111,113.3631,25.54,91,9,2.48,CN,1691358809
485,malanje,-9.5402,16.341,20.03,27,0,0.43,AO,1691358810
486,northam,51.0333,-4.2167,15.37,89,4,4.05,GB,1691358810
487,conceicao do araguaia,-8.2578,-49.2647,30.35,28,14,1.86,BR,1691358811
488,singaraja,-8.112,115.0882,24.31,81,18,1.58,ID,1691358811
489,fisterra,42.9049,-9.2629,19.3,70,18,9.62,ES,1691358811
490,ixtapa,20.7,-105.2,29.66,82,99,2.01,MX,1691358578
491,ferkessedougou,9.6,-5.2,23.16,93,100,2.04,CI,1691358812
492,bandar-e genaveh,29.5791,50.517,33.59,61,42,0.27,IR,1691358813
493,boa vista,2.8197,-60.6733,32.99,52,40,4.12,BR,1691358813
494,crane,31.3974,-102.3501,40.66,15,0,7.27,US,1691358814
495,al kharijah,25.4514,30.5464,33.84,14,17,2.65,EG,1691358814
496,kapa'a,22.0752,-159.319,28.6,67,16,2.68,US,1691358814
497,alofi,-19.0595,-169.9187,23.94,94,89,2.57,NU,1691358815
498,martakert,40.2104,46.821,25.45,51,27,1.3,AZ,1691358815
499,nakambala,-15.8324,27.7799,15.86,71,1,3.09,ZM,1691358816
500,vilyuysk,63.7553,121.6247,15.24,61,67,2.14,RU,1691358816
501,castlebar,53.85,-9.3,13.66,91,53,1.61,IE,1691358816
502,mejit,10.2753,170.8646,28.42,78,96,9.53,MH,1691358817
503,lospalos,-8.5186,127.0025,19.89,80,7,3.95,TL,1691358817
504,mulayjah,27.271,48.4242,35.38,17,1,4.34,SA,1691358817
505,kolwezi,-10.7148,25.4667,16.23,46,0,2.04,CD,1691358818
506,christchurch,-43.5333,172.6333,9.95,90,6,1.54,NZ,1691358647
507,lorengau,-2.0226,147.2712,27.15,75,89,6.82,PG,1691358819
508,eravur town,7.7782,81.6038,26.03,83,100,3.49,LK,1691358819
509,laishevo,55.4046,49.5504,18.12,73,0,3.46,RU,1691358820
510,lyantonde,-0.4031,31.1572,19.99,51,62,0.73,UG,1691358820
511,mount gambier,-37.8333,140.7667,4.96,93,3,0.95,AU,1691358821
512,hotan,37.0997,79.9269,25.09,39,85,0.83,CN,1691358821
513,atar,20.5169,-13.0499,33.68,11,18,3.26,MR,1691358822
514,mathba,22.2855,89.9629,26.62,90,100,4.02,BD,1691358822
515,kavaratti,10.5669,72.642,28.14,73,49,9.05,IN,1691358822
516,itabira,-19.6192,-43.2269,16.17,69,36,1.6,BR,1691358679
517,altagracia de orituco,9.8601,-66.3814,27.09,82,52,0.57,VE,1691358823
518,sao vicente,-23.9631,-46.3919,32.1,56,0,2.06,BR,1691358824
519,chonchi,-42.6128,-73.8092,8.56,91,47,0.5,CL,1691358824
520,mahibadhoo,3.7833,72.9667,28.39,77,100,5.41,MV,1691358532
521,susuman,62.7833,148.1667,4.3,83,100,2.95,RU,1691358825
522,calintaan,12.5667,120.9333,26.43,87,36,4.19,PH,1691358825
523,bredy,52.4153,60.3411,16.41,93,78,4.17,RU,1691358825
524,mugia,43.1041,-9.2179,19.39,74,26,11.38,ES,1691358826
525,alaghsas,17.0187,8.0168,28.88,47,87,7.69,NE,1691358826
526,n'dalatando,-9.2978,14.9116,17.87,81,0,1.45,AO,1691358827
527,ilovlya,49.3033,43.9796,28.07,39,0,7.02,RU,1691358827
528,camiri,-20.05,-63.5167,34.88,23,0,1.54,BO,1691358743
529,savino,56.5929,41.2181,19.53,77,0,2.08,RU,1691358828
530,siwa oasis,29.2041,25.5195,32.68,41,0,5.26,EG,1691358828
531,sao felix do xingu,-6.6447,-51.995,30.56,31,24,1.1,BR,1691358828
532,gao,16.6362,1.637,30.5,51,87,6.52,ML,1691358829
533,hammerfest,70.6634,23.6821,11.25,82,0,3.6,NO,1691358829
534,peace river,56.2501,-117.286,27.17,44,40,4.63,CA,1691358830
535,marau,-28.4492,-52.2,23.97,83,0,1.48,BR,1691358830
536,al qitena,14.8648,32.3668,30.41,42,27,2.84,SD,1691358830
537,boali,4.8005,18.1275,22.11,95,100,1.32,CF,1691358831
538,morondava,-20.2833,44.2833,21.28,60,1,4.09,MG,1691358648
539,altamira,-3.2033,-52.2064,33.05,52,20,2.57,BR,1691358832
540,vinchia,22.2,71.3667,25.47,82,98,7.74,IN,1691358833
541,sola,-13.8833,167.55,25.09,77,97,9.01,VU,1691358833
542,chibougamau,49.9168,-74.3659,21.79,53,75,4.63,CA,1691358833
543,besisahar,28.2313,84.3761,23.19,90,100,1.01,NP,1691358834
544,tofol,5.3248,163.0078,28.69,69,86,5.44,FM,1691358834
545,berlin,52.5244,13.4105,16.08,92,75,3.58,DE,1691358662
546,svetlyy,54.675,20.1347,20.54,85,77,5.9,RU,1691358835
547,solnechnyy,50.7214,136.6319,19.03,49,0,0.46,RU,1691358835
548,omdurman,15.6445,32.4777,31.86,40,12,2.85,SD,1691358836
549,xining,36.6167,101.7667,11.46,84,6,1.18,CN,1691358837
550,lensk,60.7253,114.9278,18.02,91,100,0.59,RU,1691358803
551,bikenibeu village,1.3673,173.1241,28.98,84,40,1.03,KI,1691358838
552,puerto san jose,13.9256,-90.8244,31.72,68,4,5.6,GT,1691358808
553,poli,-3.3333,36.8,14.09,85,87,3.27,TZ,1691358838
554,salalah,17.0151,54.0924,24.18,95,100,2.9,OM,1691358839
555,ash shatrah,31.4117,46.1742,37.1,16,0,3.82,IQ,1691358839
556,korla,41.7597,86.1469,29.08,26,36,5.47,CN,1691358630
557,wurtulla,-26.7568,153.1256,15.59,88,47,1.34,AU,1691358840
558,brokopondo,4.75,-55.1667,30.73,61,32,1.14,SR,1691358840
559,hell-ville,-13.4,48.2667,24.94,67,39,1.42,MG,1691358841
560,jolo,6.05,121.0167,25.49,88,17,1.42,PH,1691358841
561,shimoda,34.6667,138.95,26.17,82,68,2.44,JP,1691358658
562,san luis,-33.295,-66.3356,16.02,19,2,6.54,AR,1691358842
563,olinda,-8.0089,-34.8553,23.85,94,100,7.2,BR,1691358842
564,ilhabela,-23.7781,-45.3581,20.32,90,1,3.05,BR,1691358843
565,codrington,-38.2667,141.9667,5.91,90,2,2.15,AU,1691358843
566,baotou,40.6522,109.8222,25.28,46,1,1.15,CN,1691358844
567,belmonte,-15.8631,-38.8828,22.24,77,2,3.8,BR,1691358844
568,yar,58.249,52.1026,15.34,88,64,2.39,RU,1691358844
569,scottburgh,-30.2867,30.7532,15.97,61,0,2.57,ZA,1691358845
570,bartica,6.4,-58.6167,31.18,80,68,1.87,GY,1691358711
571,camayenne,9.535,-13.6878,26.05,89,75,4.12,GN,1691358846
572,plouzane,48.3833,-4.6167,14.03,94,20,3.6,FR,1691358846
573,prata,-19.3072,-48.9242,24.51,22,0,3.21,BR,1691358560
574,san-pedro,4.7485,-6.6363,23.91,91,44,2.26,CI,1691358847
575,mahalapye,-23.1041,26.8142,13.73,49,0,1.07,BW,1691358847
576,rawlins,41.7911,-107.2387,22.3,30,68,3.37,US,1691358848
577,al hindiyah,32.5433,44.2225,35.33,20,0,4.9,IQ,1691358849
578,cabedelo,-6.9811,-34.8339,24.37,86,41,7.04,BR,1691358849
579,sanctuary point,-35.1114,150.629,12.64,80,83,3.15,AU,1691358850
580,katsuren-haebaru,26.3369,127.8719,27.01,94,100,11.32,JP,1691358850
581,sandpoint,48.2766,-116.5533,28.71,42,0,2.24,US,1691358850
582,mossel bay,-34.1831,22.146,10.96,83,0,1.73,ZA,1691358851
583,nieuw amsterdam,5.8833,-55.0833,30.01,81,26,5.05,SR,1691358721
584,soio,-6.1349,12.3689,21.94,92,4,4.13,AO,1691358852
585,carloforte,39.145,8.3058,22.58,65,0,7.79,IT,1691358852
586,vodnyy,63.5046,53.4095,15.03,97,7,2.34,RU,1691358852
587,nova sintra,14.8667,-24.7167,22.84,80,63,4.81,CV,1691358853
588,yuzhno-kurilsk,44.0306,145.8556,14.61,97,100,3.03,RU,1691358853
589,ad-damazin,11.7891,34.3592,23.19,85,86,3.56,SD,1691358853
590,san luis ixcan,15.7872,-91.095,32.29,49,4,1.66,GT,1691358854
591,villa ocampo,-28.4875,-59.3551,28.47,33,1,2.61,AR,1691358854
592,barysaw,54.2312,28.5049,26.16,55,0,8.31,BY,1691358855
593,martuk,50.7475,56.5056,20.88,53,49,4.02,KZ,1691358855
594,williams lake,52.1415,-122.1445,32.81,23,75,5.14,CA,1691358855
595,okhotsk,59.3833,143.3,15.8,67,68,4.26,RU,1691358856
596,puerto rico,-26.796,-55.024,22.06,54,0,1.48,AR,1691358856
